PARTICIPANT_ID,EXPERIMENTTYPE,EXPERIMENTATTEMPT,TOTALATTEMPTCOUNT,LATINSQUARETYPE,PROMPT,CONFIDENT,UNCONFIDENT,KEYSTROKE_ID,PRESS_TIME,RELEASE_TIME,LETTER,KEYCODE,FREQUENCY,INPUTMETHOD,PROMPT_CHAR,CONFIDENT_MARKED_CHAR,UNCONFIDENT_MARKED_CHAR
5f600669b846780f0fe45709,text-to-prompt,1,3,5,A small turtle is walking along the riverbank looking at its surroundings for a while before it decided to leave.,"[2,14];[36,45]","[61,73];[96,112];[18,31]",0,1756244733321,1756244733696,Shift,16, never, physical-keyboard,0,0,0
5f600669b846780f0fe45709,text-to-prompt,1,3,5,A small turtle is walking along the riverbank looking at its surroundings for a while before it decided to leave.,"[2,14];[36,45]","[61,73];[96,112];[18,31]",1,1756244733640,1756244733704,W,87, never, physical-keyboard,0,0,0
5f600669b846780f0fe45709,text-to-prompt,1,3,5,A small turtle is walking along the riverbank looking at its surroundings for a while before it decided to leave.,"[2,14];[36,45]","[61,73];[96,112];[18,31]",2,1756244734272,1756244734345,r,82, never, physical-keyboard,0,0,0
5f600669b846780f0fe45709,text-to-prompt,1,3,5,A small turtle is walking along the riverbank looking at its surroundings for a while before it decided to leave.,"[2,14];[36,45]","[61,73];[96,112];[18,31]",3,1756244734424,1756244734504,i,73, never, physical-keyboard,0,0,0
5f600669b846780f0fe45709,text-to-prompt,1,3,5,A small turtle is walking along the riverbank looking at its surroundings for a while before it decided to leave.,"[2,14];[36,45]","[61,73];[96,112];[18,31]",4,1756244734536,1756244734608,t,84, never, physical-keyboard,0,0,0
5f600669b846780f0fe45709,text-to-prompt,1,3,5,A small turtle is walking along the riverbank looking at its surroundings for a while before it decided to leave.,"[2,14];[36,45]","[61,73];[96,112];[18,31]",5,1756244734616,1756244734672,e,69, never, physical-keyboard,0,0,0
5f600669b846780f0fe45709,text-to-prompt,1,3,5,A small turtle is walking along the riverbank looking at its surroundings for a while before it decided to leave.,"[2,14];[36,45]","[61,73];[96,112];[18,31]",6,1756244734752,1756244734824, ,32, never, physical-keyboard,0,0,0
5f600669b846780f0fe45709,text-to-prompt,1,3,5,A small turtle is walking along the riverbank looking at its surroundings for a while before it decided to leave.,"[2,14];[36,45]","[61,73];[96,112];[18,31]",7,1756244734952,1756244735040,a,65, never, physical-keyboard,0,0,0
5f600669b846780f0fe45709,text-to-prompt,1,3,5,A small turtle is walking along the riverbank looking at its surroundings for a while before it decided to leave.,"[2,14];[36,45]","[61,73];[96,112];[18,31]",8,1756244735080,1756244735160, ,32, never, physical-keyboard,0,0,0
5f600669b846780f0fe45709,text-to-prompt,1,3,5,A small turtle is walking along the riverbank looking at its surroundings for a while before it decided to leave.,"[2,14];[36,45]","[61,73];[96,112];[18,31]",9,1756244757664,1756244758496,Backspace,8, never, physical-keyboard,0,0,0
5f600669b846780f0fe45709,text-to-prompt,1,3,5,A small turtle is walking along the riverbank looking at its surroundings for a while before it decided to leave.,"[2,14];[36,45]","[61,73];[96,112];[18,31]",10,1756244758165,1756244776632,Backspace,8, never, physical-keyboard,0,0,0
5f600669b846780f0fe45709,text-to-prompt,1,3,5,A small turtle is walking along the riverbank looking at its surroundings for a while before it decided to leave.,"[2,14];[36,45]","[61,73];[96,112];[18,31]",11,1756244758197,1756244826823,Backspace,8, never, physical-keyboard,0,0,0
5f600669b846780f0fe45709,text-to-prompt,1,3,5,A small turtle is walking along the riverbank looking at its surroundings for a while before it decided to leave.,"[2,14];[36,45]","[61,73];[96,112];[18,31]",12,1756244758243,1756244827000,Backspace,8, never, physical-keyboard,0,0,0
5f600669b846780f0fe45709,text-to-prompt,1,3,5,A small turtle is walking along the riverbank looking at its surroundings for a while before it decided to leave.,"[2,14];[36,45]","[61,73];[96,112];[18,31]",13,1756244758274,1756244827167,Backspace,8, never, physical-keyboard,0,0,0
5f600669b846780f0fe45709,text-to-prompt,1,3,5,A small turtle is walking along the riverbank looking at its surroundings for a while before it decided to leave.,"[2,14];[36,45]","[61,73];[96,112];[18,31]",14,1756244758304,1756244827592,Backspace,8, never, physical-keyboard,0,0,0
5f600669b846780f0fe45709,text-to-prompt,1,3,5,A small turtle is walking along the riverbank looking at its surroundings for a while before it decided to leave.,"[2,14];[36,45]","[61,73];[96,112];[18,31]",15,1756244758335,0,Backspace,8, never, physical-keyboard,0,0,0
5f600669b846780f0fe45709,text-to-prompt,1,3,5,A small turtle is walking along the riverbank looking at its surroundings for a while before it decided to leave.,"[2,14];[36,45]","[61,73];[96,112];[18,31]",16,1756244758365,0,Backspace,8, never, physical-keyboard,0,0,0
5f600669b846780f0fe45709,text-to-prompt,1,3,5,A small turtle is walking along the riverbank looking at its surroundings for a while before it decided to leave.,"[2,14];[36,45]","[61,73];[96,112];[18,31]",17,1756244758396,0,Backspace,8, never, physical-keyboard,0,0,0
5f600669b846780f0fe45709,text-to-prompt,1,3,5,A small turtle is walking along the riverbank looking at its surroundings for a while before it decided to leave.,"[2,14];[36,45]","[61,73];[96,112];[18,31]",18,1756244758441,0,Backspace,8, never, physical-keyboard,0,0,0
5f600669b846780f0fe45709,text-to-prompt,1,3,5,A small turtle is walking along the riverbank looking at its surroundings for a while before it decided to leave.,"[2,14];[36,45]","[61,73];[96,112];[18,31]",19,1756244758473,0,Backspace,8, never, physical-keyboard,0,0,0
5f600669b846780f0fe45709,text-to-prompt,1,3,5,A small turtle is walking along the riverbank looking at its surroundings for a while before it decided to leave.,"[2,14];[36,45]","[61,73];[96,112];[18,31]",20,1756244766280,1756244766576,Shift,16, never, physical-keyboard,0,0,0
5f600669b846780f0fe45709,text-to-prompt,1,3,5,A small turtle is walking along the riverbank looking at its surroundings for a while before it decided to leave.,"[2,14];[36,45]","[61,73];[96,112];[18,31]",21,1756244766520,1756244766592,W,87, never, physical-keyboard,0,0,0
5f600669b846780f0fe45709,text-to-prompt,1,3,5,A small turtle is walking along the riverbank looking at its surroundings for a while before it decided to leave.,"[2,14];[36,45]","[61,73];[96,112];[18,31]",22,1756244766744,1756244766824,r,82, never, physical-keyboard,0,0,0
5f600669b846780f0fe45709,text-to-prompt,1,3,5,A small turtle is walking along the riverbank looking at its surroundings for a while before it decided to leave.,"[2,14];[36,45]","[61,73];[96,112];[18,31]",23,1756244766896,1756244766936,i,73, never, physical-keyboard,0,0,0
5f600669b846780f0fe45709,text-to-prompt,1,3,5,A small turtle is walking along the riverbank looking at its surroundings for a while before it decided to leave.,"[2,14];[36,45]","[61,73];[96,112];[18,31]",24,1756244767032,1756244767080,t,84, never, physical-keyboard,0,0,0
5f600669b846780f0fe45709,text-to-prompt,1,3,5,A small turtle is walking along the riverbank looking at its surroundings for a while before it decided to leave.,"[2,14];[36,45]","[61,73];[96,112];[18,31]",25,1756244767104,1756244767168,e,69, never, physical-keyboard,0,0,0
5f600669b846780f0fe45709,text-to-prompt,1,3,5,A small turtle is walking along the riverbank looking at its surroundings for a while before it decided to leave.,"[2,14];[36,45]","[61,73];[96,112];[18,31]",26,1756244768888,1756244768984, ,32, never, physical-keyboard,0,0,0
5f600669b846780f0fe45709,text-to-prompt,1,3,5,A small turtle is walking along the riverbank looking at its surroundings for a while before it decided to leave.,"[2,14];[36,45]","[61,73];[96,112];[18,31]",27,1756244769216,1756244769281,a,65, never, physical-keyboard,0,0,0
5f600669b846780f0fe45709,text-to-prompt,1,3,5,A small turtle is walking along the riverbank looking at its surroundings for a while before it decided to leave.,"[2,14];[36,45]","[61,73];[96,112];[18,31]",28,1756244773568,1756244773688, ,32, never, physical-keyboard,0,0,0
5f600669b846780f0fe45709,text-to-prompt,1,3,5,A small turtle is walking along the riverbank looking at its surroundings for a while before it decided to leave.,"[2,14];[36,45]","[61,73];[96,112];[18,31]",29,1756244773832,1756244773952,p,80, never, physical-keyboard,0,0,0
5f600669b846780f0fe45709,text-to-prompt,1,3,5,A small turtle is walking along the riverbank looking at its surroundings for a while before it decided to leave.,"[2,14];[36,45]","[61,73];[96,112];[18,31]",30,1756244775544,0,Backspace,8, never, physical-keyboard,0,0,0
5f600669b846780f0fe45709,text-to-prompt,1,3,5,A small turtle is walking along the riverbank looking at its surroundings for a while before it decided to leave.,"[2,14];[36,45]","[61,73];[96,112];[18,31]",31,1756244776058,0,Backspace,8, never, physical-keyboard,0,0,0
5f600669b846780f0fe45709,text-to-prompt,1,3,5,A small turtle is walking along the riverbank looking at its surroundings for a while before it decided to leave.,"[2,14];[36,45]","[61,73];[96,112];[18,31]",32,1756244776090,0,Backspace,8, never, physical-keyboard,0,0,0
5f600669b846780f0fe45709,text-to-prompt,1,3,5,A small turtle is walking along the riverbank looking at its surroundings for a while before it decided to leave.,"[2,14];[36,45]","[61,73];[96,112];[18,31]",33,1756244776120,0,Backspace,8, never, physical-keyboard,0,0,0
5f600669b846780f0fe45709,text-to-prompt,1,3,5,A small turtle is walking along the riverbank looking at its surroundings for a while before it decided to leave.,"[2,14];[36,45]","[61,73];[96,112];[18,31]",34,1756244776152,0,Backspace,8, never, physical-keyboard,0,0,0
5f600669b846780f0fe45709,text-to-prompt,1,3,5,A small turtle is walking along the riverbank looking at its surroundings for a while before it decided to leave.,"[2,14];[36,45]","[61,73];[96,112];[18,31]",35,1756244776182,0,Backspace,8, never, physical-keyboard,0,0,0
5f600669b846780f0fe45709,text-to-prompt,1,3,5,A small turtle is walking along the riverbank looking at its surroundings for a while before it decided to leave.,"[2,14];[36,45]","[61,73];[96,112];[18,31]",36,1756244776215,0,Backspace,8, never, physical-keyboard,0,0,0
5f600669b846780f0fe45709,text-to-prompt,1,3,5,A small turtle is walking along the riverbank looking at its surroundings for a while before it decided to leave.,"[2,14];[36,45]","[61,73];[96,112];[18,31]",37,1756244776245,0,Backspace,8, never, physical-keyboard,0,0,0
5f600669b846780f0fe45709,text-to-prompt,1,3,5,A small turtle is walking along the riverbank looking at its surroundings for a while before it decided to leave.,"[2,14];[36,45]","[61,73];[96,112];[18,31]",38,1756244776277,0,Backspace,8, never, physical-keyboard,0,0,0
5f600669b846780f0fe45709,text-to-prompt,1,3,5,A small turtle is walking along the riverbank looking at its surroundings for a while before it decided to leave.,"[2,14];[36,45]","[61,73];[96,112];[18,31]",39,1756244776322,0,Backspace,8, never, physical-keyboard,0,0,0
5f600669b846780f0fe45709,text-to-prompt,1,3,5,A small turtle is walking along the riverbank looking at its surroundings for a while before it decided to leave.,"[2,14];[36,45]","[61,73];[96,112];[18,31]",40,1756244776354,0,Backspace,8, never, physical-keyboard,0,0,0
5f600669b846780f0fe45709,text-to-prompt,1,3,5,A small turtle is walking along the riverbank looking at its surroundings for a while before it decided to leave.,"[2,14];[36,45]","[61,73];[96,112];[18,31]",41,1756244776386,0,Backspace,8, never, physical-keyboard,0,0,0
5f600669b846780f0fe45709,text-to-prompt,1,3,5,A small turtle is walking along the riverbank looking at its surroundings for a while before it decided to leave.,"[2,14];[36,45]","[61,73];[96,112];[18,31]",42,1756244776417,0,Backspace,8, never, physical-keyboard,0,0,0
5f600669b846780f0fe45709,text-to-prompt,1,3,5,A small turtle is walking along the riverbank looking at its surroundings for a while before it decided to leave.,"[2,14];[36,45]","[61,73];[96,112];[18,31]",43,1756244776447,0,Backspace,8, never, physical-keyboard,0,0,0
5f600669b846780f0fe45709,text-to-prompt,1,3,5,A small turtle is walking along the riverbank looking at its surroundings for a while before it decided to leave.,"[2,14];[36,45]","[61,73];[96,112];[18,31]",44,1756244776478,0,Backspace,8, never, physical-keyboard,0,0,0
5f600669b846780f0fe45709,text-to-prompt,1,3,5,A small turtle is walking along the riverbank looking at its surroundings for a while before it decided to leave.,"[2,14];[36,45]","[61,73];[96,112];[18,31]",45,1756244776509,0,Backspace,8, never, physical-keyboard,0,0,0
5f600669b846780f0fe45709,text-to-prompt,1,3,5,A small turtle is walking along the riverbank looking at its surroundings for a while before it decided to leave.,"[2,14];[36,45]","[61,73];[96,112];[18,31]",46,1756244776540,0,Backspace,8, never, physical-keyboard,0,0,0
5f600669b846780f0fe45709,text-to-prompt,1,3,5,A small turtle is walking along the riverbank looking at its surroundings for a while before it decided to leave.,"[2,14];[36,45]","[61,73];[96,112];[18,31]",47,1756244776587,0,Backspace,8, never, physical-keyboard,0,0,0
5f600669b846780f0fe45709,text-to-prompt,1,3,5,A small turtle is walking along the riverbank looking at its surroundings for a while before it decided to leave.,"[2,14];[36,45]","[61,73];[96,112];[18,31]",48,1756244776618,0,Backspace,8, never, physical-keyboard,0,0,0
5f600669b846780f0fe45709,text-to-prompt,1,3,5,A small turtle is walking along the riverbank looking at its surroundings for a while before it decided to leave.,"[2,14];[36,45]","[61,73];[96,112];[18,31]",49,1756244794792,1756244795248,Shift,16, never, physical-keyboard,0,0,0
5f600669b846780f0fe45709,text-to-prompt,1,3,5,A small turtle is walking along the riverbank looking at its surroundings for a while before it decided to leave.,"[2,14];[36,45]","[61,73];[96,112];[18,31]",50,1756244795096,1756244795176,CapsLock,20, never, physical-keyboard,-1,0,0
5f600669b846780f0fe45709,text-to-prompt,1,3,5,A small turtle is walking along the riverbank looking at its surroundings for a while before it decided to leave.,"[2,14];[36,45]","[61,73];[96,112];[18,31]",51,1756244796272,1756244796353,Shift,16, never, physical-keyboard,0,0,0
5f600669b846780f0fe45709,text-to-prompt,1,3,5,A small turtle is walking along the riverbank looking at its surroundings for a while before it decided to leave.,"[2,14];[36,45]","[61,73];[96,112];[18,31]",52,1756244796528,1756244796624,A,65, never, physical-keyboard,0,0,0
5f600669b846780f0fe45709,text-to-prompt,1,3,5,A small turtle is walking along the riverbank looking at its surroundings for a while before it decided to leave.,"[2,14];[36,45]","[61,73];[96,112];[18,31]",53,1756244797328,1756244797408, ,32, never, physical-keyboard,1,0,0
5f600669b846780f0fe45709,text-to-prompt,1,3,5,A small turtle is walking along the riverbank looking at its surroundings for a while before it decided to leave.,"[2,14];[36,45]","[61,73];[96,112];[18,31]",54,1756244797513,1756244797600,CapsLock,20, never, physical-keyboard,-1,0,0
5f600669b846780f0fe45709,text-to-prompt,1,3,5,A small turtle is walking along the riverbank looking at its surroundings for a while before it decided to leave.,"[2,14];[36,45]","[61,73];[96,112];[18,31]",55,1756244797888,1756244797944,s,83, never, physical-keyboard,2,1,0
5f600669b846780f0fe45709,text-to-prompt,1,3,5,A small turtle is walking along the riverbank looking at its surroundings for a while before it decided to leave.,"[2,14];[36,45]","[61,73];[96,112];[18,31]",56,1756244798096,1756244798176,m,77, never, physical-keyboard,3,1,0
5f600669b846780f0fe45709,text-to-prompt,1,3,5,A small turtle is walking along the riverbank looking at its surroundings for a while before it decided to leave.,"[2,14];[36,45]","[61,73];[96,112];[18,31]",57,1756244798232,1756244798288,a,65, never, physical-keyboard,4,1,0
5f600669b846780f0fe45709,text-to-prompt,1,3,5,A small turtle is walking along the riverbank looking at its surroundings for a while before it decided to leave.,"[2,14];[36,45]","[61,73];[96,112];[18,31]",58,1756244798352,1756244798416,l,76, never, physical-keyboard,5,1,0
5f600669b846780f0fe45709,text-to-prompt,1,3,5,A small turtle is walking along the riverbank looking at its surroundings for a while before it decided to leave.,"[2,14];[36,45]","[61,73];[96,112];[18,31]",59,1756244798472,1756244798544,l,76, never, physical-keyboard,6,1,0
5f600669b846780f0fe45709,text-to-prompt,1,3,5,A small turtle is walking along the riverbank looking at its surroundings for a while before it decided to leave.,"[2,14];[36,45]","[61,73];[96,112];[18,31]",60,1756244798712,1756244798800, ,32, never, physical-keyboard,7,1,0
5f600669b846780f0fe45709,text-to-prompt,1,3,5,A small turtle is walking along the riverbank looking at its surroundings for a while before it decided to leave.,"[2,14];[36,45]","[61,73];[96,112];[18,31]",61,1756244800392,1756244800464,t,84, never, physical-keyboard,8,1,0
5f600669b846780f0fe45709,text-to-prompt,1,3,5,A small turtle is walking along the riverbank looking at its surroundings for a while before it decided to leave.,"[2,14];[36,45]","[61,73];[96,112];[18,31]",62,1756244800560,1756244800616,u,85, never, physical-keyboard,9,1,0
5f600669b846780f0fe45709,text-to-prompt,1,3,5,A small turtle is walking along the riverbank looking at its surroundings for a while before it decided to leave.,"[2,14];[36,45]","[61,73];[96,112];[18,31]",63,1756244800760,1756244800808,r,82, never, physical-keyboard,10,1,0
5f600669b846780f0fe45709,text-to-prompt,1,3,5,A small turtle is walking along the riverbank looking at its surroundings for a while before it decided to leave.,"[2,14];[36,45]","[61,73];[96,112];[18,31]",64,1756244801464,1756244801520,t,84, never, physical-keyboard,11,1,0
5f600669b846780f0fe45709,text-to-prompt,1,3,5,A small turtle is walking along the riverbank looking at its surroundings for a while before it decided to leave.,"[2,14];[36,45]","[61,73];[96,112];[18,31]",65,1756244801568,1756244801648,l,76, never, physical-keyboard,12,1,0
5f600669b846780f0fe45709,text-to-prompt,1,3,5,A small turtle is walking along the riverbank looking at its surroundings for a while before it decided to leave.,"[2,14];[36,45]","[61,73];[96,112];[18,31]",66,1756244801672,1756244801744,e,69, never, physical-keyboard,13,1,0
5f600669b846780f0fe45709,text-to-prompt,1,3,5,A small turtle is walking along the riverbank looking at its surroundings for a while before it decided to leave.,"[2,14];[36,45]","[61,73];[96,112];[18,31]",67,1756244801960,1756244802032, ,32, never, physical-keyboard,14,1,0
5f600669b846780f0fe45709,text-to-prompt,1,3,5,A small turtle is walking along the riverbank looking at its surroundings for a while before it decided to leave.,"[2,14];[36,45]","[61,73];[96,112];[18,31]",68,1756244806440,1756244806512,i,73, never, physical-keyboard,15,0,0
5f600669b846780f0fe45709,text-to-prompt,1,3,5,A small turtle is walking along the riverbank looking at its surroundings for a while before it decided to leave.,"[2,14];[36,45]","[61,73];[96,112];[18,31]",69,1756244806544,1756244806600,s,83, never, physical-keyboard,16,0,0
5f600669b846780f0fe45709,text-to-prompt,1,3,5,A small turtle is walking along the riverbank looking at its surroundings for a while before it decided to leave.,"[2,14];[36,45]","[61,73];[96,112];[18,31]",70,1756244806648,1756244806744, ,32, never, physical-keyboard,17,0,0
5f600669b846780f0fe45709,text-to-prompt,1,3,5,A small turtle is walking along the riverbank looking at its surroundings for a while before it decided to leave.,"[2,14];[36,45]","[61,73];[96,112];[18,31]",71,1756244807008,1756244807104,w,87, never, physical-keyboard,18,0,1
5f600669b846780f0fe45709,text-to-prompt,1,3,5,A small turtle is walking along the riverbank looking at its surroundings for a while before it decided to leave.,"[2,14];[36,45]","[61,73];[96,112];[18,31]",72,1756244807112,1756244807175,a,65, never, physical-keyboard,19,0,1
5f600669b846780f0fe45709,text-to-prompt,1,3,5,A small turtle is walking along the riverbank looking at its surroundings for a while before it decided to leave.,"[2,14];[36,45]","[61,73];[96,112];[18,31]",73,1756244807256,1756244807335,l,76, never, physical-keyboard,20,0,1
5f600669b846780f0fe45709,text-to-prompt,1,3,5,A small turtle is walking along the riverbank looking at its surroundings for a while before it decided to leave.,"[2,14];[36,45]","[61,73];[96,112];[18,31]",74,1756244807464,1756244807520,k,75, never, physical-keyboard,21,0,1
5f600669b846780f0fe45709,text-to-prompt,1,3,5,A small turtle is walking along the riverbank looking at its surroundings for a while before it decided to leave.,"[2,14];[36,45]","[61,73];[96,112];[18,31]",75,1756244807640,1756244807704,i,73, never, physical-keyboard,22,0,1
5f600669b846780f0fe45709,text-to-prompt,1,3,5,A small turtle is walking along the riverbank looking at its surroundings for a while before it decided to leave.,"[2,14];[36,45]","[61,73];[96,112];[18,31]",76,1756244807831,1756244807904,n,78, never, physical-keyboard,23,0,1
5f600669b846780f0fe45709,text-to-prompt,1,3,5,A small turtle is walking along the riverbank looking at its surroundings for a while before it decided to leave.,"[2,14];[36,45]","[61,73];[96,112];[18,31]",77,1756244807887,1756244807944,g,71, never, physical-keyboard,24,0,1
5f600669b846780f0fe45709,text-to-prompt,1,3,5,A small turtle is walking along the riverbank looking at its surroundings for a while before it decided to leave.,"[2,14];[36,45]","[61,73];[96,112];[18,31]",78,1756244808016,1756244808096, ,32, never, physical-keyboard,25,0,1
5f600669b846780f0fe45709,text-to-prompt,1,3,5,A small turtle is walking along the riverbank looking at its surroundings for a while before it decided to leave.,"[2,14];[36,45]","[61,73];[96,112];[18,31]",79,1756244808088,1756244808143,a,65, never, physical-keyboard,26,0,1
5f600669b846780f0fe45709,text-to-prompt,1,3,5,A small turtle is walking along the riverbank looking at its surroundings for a while before it decided to leave.,"[2,14];[36,45]","[61,73];[96,112];[18,31]",80,1756244808240,1756244808328,l,76, never, physical-keyboard,27,0,1
5f600669b846780f0fe45709,text-to-prompt,1,3,5,A small turtle is walking along the riverbank looking at its surroundings for a while before it decided to leave.,"[2,14];[36,45]","[61,73];[96,112];[18,31]",81,1756244808408,1756244808488,o,79, never, physical-keyboard,28,0,1
5f600669b846780f0fe45709,text-to-prompt,1,3,5,A small turtle is walking along the riverbank looking at its surroundings for a while before it decided to leave.,"[2,14];[36,45]","[61,73];[96,112];[18,31]",82,1756244808600,1756244808680,n,78, never, physical-keyboard,29,0,1
5f600669b846780f0fe45709,text-to-prompt,1,3,5,A small turtle is walking along the riverbank looking at its surroundings for a while before it decided to leave.,"[2,14];[36,45]","[61,73];[96,112];[18,31]",83,1756244808680,1756244808744,g,71, never, physical-keyboard,30,0,1
5f600669b846780f0fe45709,text-to-prompt,1,3,5,A small turtle is walking along the riverbank looking at its surroundings for a while before it decided to leave.,"[2,14];[36,45]","[61,73];[96,112];[18,31]",84,1756244808816,1756244808904, ,32, never, physical-keyboard,31,0,1
5f600669b846780f0fe45709,text-to-prompt,1,3,5,A small turtle is walking along the riverbank looking at its surroundings for a while before it decided to leave.,"[2,14];[36,45]","[61,73];[96,112];[18,31]",85,1756244808912,1756244808976,t,84, never, physical-keyboard,32,0,0
5f600669b846780f0fe45709,text-to-prompt,1,3,5,A small turtle is walking along the riverbank looking at its surroundings for a while before it decided to leave.,"[2,14];[36,45]","[61,73];[96,112];[18,31]",86,1756244809024,1756244809080,h,72, never, physical-keyboard,33,0,0
5f600669b846780f0fe45709,text-to-prompt,1,3,5,A small turtle is walking along the riverbank looking at its surroundings for a while before it decided to leave.,"[2,14];[36,45]","[61,73];[96,112];[18,31]",87,1756244809088,1756244809151,e,69, never, physical-keyboard,34,0,0
5f600669b846780f0fe45709,text-to-prompt,1,3,5,A small turtle is walking along the riverbank looking at its surroundings for a while before it decided to leave.,"[2,14];[36,45]","[61,73];[96,112];[18,31]",88,1756244809224,1756244809320, ,32, never, physical-keyboard,35,0,0
5f600669b846780f0fe45709,text-to-prompt,1,3,5,A small turtle is walking along the riverbank looking at its surroundings for a while before it decided to leave.,"[2,14];[36,45]","[61,73];[96,112];[18,31]",89,1756244809520,1756244809584,r,82, never, physical-keyboard,36,1,0
5f600669b846780f0fe45709,text-to-prompt,1,3,5,A small turtle is walking along the riverbank looking at its surroundings for a while before it decided to leave.,"[2,14];[36,45]","[61,73];[96,112];[18,31]",90,1756244809639,1756244809703,i,73, never, physical-keyboard,37,1,0
5f600669b846780f0fe45709,text-to-prompt,1,3,5,A small turtle is walking along the riverbank looking at its surroundings for a while before it decided to leave.,"[2,14];[36,45]","[61,73];[96,112];[18,31]",91,1756244809735,1756244809807,v,86, never, physical-keyboard,38,1,0
5f600669b846780f0fe45709,text-to-prompt,1,3,5,A small turtle is walking along the riverbank looking at its surroundings for a while before it decided to leave.,"[2,14];[36,45]","[61,73];[96,112];[18,31]",92,1756244809815,1756244809895,e,69, never, physical-keyboard,39,1,0
5f600669b846780f0fe45709,text-to-prompt,1,3,5,A small turtle is walking along the riverbank looking at its surroundings for a while before it decided to leave.,"[2,14];[36,45]","[61,73];[96,112];[18,31]",93,1756244810552,1756244810600,r,82, never, physical-keyboard,40,1,0
5f600669b846780f0fe45709,text-to-prompt,1,3,5,A small turtle is walking along the riverbank looking at its surroundings for a while before it decided to leave.,"[2,14];[36,45]","[61,73];[96,112];[18,31]",94,1756244810704,1756244810784,b,66, never, physical-keyboard,41,1,0
5f600669b846780f0fe45709,text-to-prompt,1,3,5,A small turtle is walking along the riverbank looking at its surroundings for a while before it decided to leave.,"[2,14];[36,45]","[61,73];[96,112];[18,31]",95,1756244810856,1756244810896,a,65, never, physical-keyboard,42,1,0
5f600669b846780f0fe45709,text-to-prompt,1,3,5,A small turtle is walking along the riverbank looking at its surroundings for a while before it decided to leave.,"[2,14];[36,45]","[61,73];[96,112];[18,31]",96,1756244810944,1756244811032,n,78, never, physical-keyboard,43,1,0
5f600669b846780f0fe45709,text-to-prompt,1,3,5,A small turtle is walking along the riverbank looking at its surroundings for a while before it decided to leave.,"[2,14];[36,45]","[61,73];[96,112];[18,31]",97,1756244811167,1756244811248,k,75, never, physical-keyboard,44,1,0
5f600669b846780f0fe45709,text-to-prompt,1,3,5,A small turtle is walking along the riverbank looking at its surroundings for a while before it decided to leave.,"[2,14];[36,45]","[61,73];[96,112];[18,31]",98,1756244817032,1756244817096, ,32, never, physical-keyboard,45,1,0
5f600669b846780f0fe45709,text-to-prompt,1,3,5,A small turtle is walking along the riverbank looking at its surroundings for a while before it decided to leave.,"[2,14];[36,45]","[61,73];[96,112];[18,31]",99,1756244817904,1756244817967,l,76, never, physical-keyboard,46,0,0
5f600669b846780f0fe45709,text-to-prompt,1,3,5,A small turtle is walking along the riverbank looking at its surroundings for a while before it decided to leave.,"[2,14];[36,45]","[61,73];[96,112];[18,31]",100,1756244818385,1756244818480,o,79, never, physical-keyboard,47,0,0
5f600669b846780f0fe45709,text-to-prompt,1,3,5,A small turtle is walking along the riverbank looking at its surroundings for a while before it decided to leave.,"[2,14];[36,45]","[61,73];[96,112];[18,31]",101,1756244818527,1756244818607,o,79, never, physical-keyboard,48,0,0
5f600669b846780f0fe45709,text-to-prompt,1,3,5,A small turtle is walking along the riverbank looking at its surroundings for a while before it decided to leave.,"[2,14];[36,45]","[61,73];[96,112];[18,31]",102,1756244818864,1756244818944,k,75, never, physical-keyboard,49,0,0
5f600669b846780f0fe45709,text-to-prompt,1,3,5,A small turtle is walking along the riverbank looking at its surroundings for a while before it decided to leave.,"[2,14];[36,45]","[61,73];[96,112];[18,31]",103,1756244819064,1756244819111,i,73, never, physical-keyboard,50,0,0
5f600669b846780f0fe45709,text-to-prompt,1,3,5,A small turtle is walking along the riverbank looking at its surroundings for a while before it decided to leave.,"[2,14];[36,45]","[61,73];[96,112];[18,31]",104,1756244819248,1756244819320,n,78, never, physical-keyboard,51,0,0
5f600669b846780f0fe45709,text-to-prompt,1,3,5,A small turtle is walking along the riverbank looking at its surroundings for a while before it decided to leave.,"[2,14];[36,45]","[61,73];[96,112];[18,31]",105,1756244819368,1756244819408,g,71, never, physical-keyboard,52,0,0
5f600669b846780f0fe45709,text-to-prompt,1,3,5,A small turtle is walking along the riverbank looking at its surroundings for a while before it decided to leave.,"[2,14];[36,45]","[61,73];[96,112];[18,31]",106,1756244819544,1756244819623, ,32, never, physical-keyboard,53,0,0
5f600669b846780f0fe45709,text-to-prompt,1,3,5,A small turtle is walking along the riverbank looking at its surroundings for a while before it decided to leave.,"[2,14];[36,45]","[61,73];[96,112];[18,31]",107,1756244819760,1756244819855,a,65, never, physical-keyboard,54,0,0
5f600669b846780f0fe45709,text-to-prompt,1,3,5,A small turtle is walking along the riverbank looking at its surroundings for a while before it decided to leave.,"[2,14];[36,45]","[61,73];[96,112];[18,31]",108,1756244819920,1756244819984,t,84, never, physical-keyboard,55,0,0
5f600669b846780f0fe45709,text-to-prompt,1,3,5,A small turtle is walking along the riverbank looking at its surroundings for a while before it decided to leave.,"[2,14];[36,45]","[61,73];[96,112];[18,31]",109,1756244820071,1756244820151, ,32, never, physical-keyboard,56,0,0
5f600669b846780f0fe45709,text-to-prompt,1,3,5,A small turtle is walking along the riverbank looking at its surroundings for a while before it decided to leave.,"[2,14];[36,45]","[61,73];[96,112];[18,31]",110,1756244820536,1756244820616,i,73, never, physical-keyboard,57,0,0
5f600669b846780f0fe45709,text-to-prompt,1,3,5,A small turtle is walking along the riverbank looking at its surroundings for a while before it decided to leave.,"[2,14];[36,45]","[61,73];[96,112];[18,31]",111,1756244820632,1756244820728,t,84, never, physical-keyboard,58,0,0
5f600669b846780f0fe45709,text-to-prompt,1,3,5,A small turtle is walking along the riverbank looking at its surroundings for a while before it decided to leave.,"[2,14];[36,45]","[61,73];[96,112];[18,31]",112,1756244820704,1756244820759,s,83, never, physical-keyboard,59,0,0
5f600669b846780f0fe45709,text-to-prompt,1,3,5,A small turtle is walking along the riverbank looking at its surroundings for a while before it decided to leave.,"[2,14];[36,45]","[61,73];[96,112];[18,31]",113,1756244820823,1756244820911, ,32, never, physical-keyboard,60,0,0
5f600669b846780f0fe45709,text-to-prompt,1,3,5,A small turtle is walking along the riverbank looking at its surroundings for a while before it decided to leave.,"[2,14];[36,45]","[61,73];[96,112];[18,31]",114,1756244821031,1756244821111,s,83, never, physical-keyboard,61,0,1
5f600669b846780f0fe45709,text-to-prompt,1,3,5,A small turtle is walking along the riverbank looking at its surroundings for a while before it decided to leave.,"[2,14];[36,45]","[61,73];[96,112];[18,31]",115,1756244821191,1756244821271,u,85, never, physical-keyboard,62,0,1
5f600669b846780f0fe45709,text-to-prompt,1,3,5,A small turtle is walking along the riverbank looking at its surroundings for a while before it decided to leave.,"[2,14];[36,45]","[61,73];[96,112];[18,31]",116,1756244825272,1756244825319,r,82, never, physical-keyboard,63,0,1
5f600669b846780f0fe45709,text-to-prompt,1,3,5,A small turtle is walking along the riverbank looking at its surroundings for a while before it decided to leave.,"[2,14];[36,45]","[61,73];[96,112];[18,31]",117,1756244825424,1756244825464,r,82, never, physical-keyboard,64,0,1
5f600669b846780f0fe45709,text-to-prompt,1,3,5,A small turtle is walking along the riverbank looking at its surroundings for a while before it decided to leave.,"[2,14];[36,45]","[61,73];[96,112];[18,31]",118,1756244825527,1756244825607,o,79, never, physical-keyboard,65,0,1
5f600669b846780f0fe45709,text-to-prompt,1,3,5,A small turtle is walking along the riverbank looking at its surroundings for a while before it decided to leave.,"[2,14];[36,45]","[61,73];[96,112];[18,31]",119,1756244825744,1756244825815,u,85, never, physical-keyboard,66,0,1
5f600669b846780f0fe45709,text-to-prompt,1,3,5,A small turtle is walking along the riverbank looking at its surroundings for a while before it decided to leave.,"[2,14];[36,45]","[61,73];[96,112];[18,31]",120,1756244825872,1756244825944,d,68, never, physical-keyboard,67,0,1
5f600669b846780f0fe45709,text-to-prompt,1,3,5,A small turtle is walking along the riverbank looking at its surroundings for a while before it decided to leave.,"[2,14];[36,45]","[61,73];[96,112];[18,31]",121,1756244825975,1756244826056,n,78, never, physical-keyboard,67,0,1
5f600669b846780f0fe45709,text-to-prompt,1,3,5,A small turtle is walking along the riverbank looking at its surroundings for a while before it decided to leave.,"[2,14];[36,45]","[61,73];[96,112];[18,31]",122,1756244826199,1756244826264,i,73, never, physical-keyboard,67,0,1
5f600669b846780f0fe45709,text-to-prompt,1,3,5,A small turtle is walking along the riverbank looking at its surroundings for a while before it decided to leave.,"[2,14];[36,45]","[61,73];[96,112];[18,31]",123,1756244826384,1756244826455,n,78, never, physical-keyboard,67,0,1
5f600669b846780f0fe45709,text-to-prompt,1,3,5,A small turtle is walking along the riverbank looking at its surroundings for a while before it decided to leave.,"[2,14];[36,45]","[61,73];[96,112];[18,31]",124,1756244826752,0,Backspace,8, never, physical-keyboard,67,0,1
5f600669b846780f0fe45709,text-to-prompt,1,3,5,A small turtle is walking along the riverbank looking at its surroundings for a while before it decided to leave.,"[2,14];[36,45]","[61,73];[96,112];[18,31]",125,1756244826920,0,Backspace,8, never, physical-keyboard,67,0,1
5f600669b846780f0fe45709,text-to-prompt,1,3,5,A small turtle is walking along the riverbank looking at its surroundings for a while before it decided to leave.,"[2,14];[36,45]","[61,73];[96,112];[18,31]",126,1756244827057,0,Backspace,8, never, physical-keyboard,67,0,1
5f600669b846780f0fe45709,text-to-prompt,1,3,5,A small turtle is walking along the riverbank looking at its surroundings for a while before it decided to leave.,"[2,14];[36,45]","[61,73];[96,112];[18,31]",127,1756244827512,0,Backspace,8, never, physical-keyboard,67,0,1
5f600669b846780f0fe45709,text-to-prompt,1,3,5,A small turtle is walking along the riverbank looking at its surroundings for a while before it decided to leave.,"[2,14];[36,45]","[61,73];[96,112];[18,31]",128,1756244827735,1756244827815,n,78, never, physical-keyboard,67,0,1
5f600669b846780f0fe45709,text-to-prompt,1,3,5,A small turtle is walking along the riverbank looking at its surroundings for a while before it decided to leave.,"[2,14];[36,45]","[61,73];[96,112];[18,31]",129,1756244827879,1756244827935,d,68, never, physical-keyboard,68,0,1
5f600669b846780f0fe45709,text-to-prompt,1,3,5,A small turtle is walking along the riverbank looking at its surroundings for a while before it decided to leave.,"[2,14];[36,45]","[61,73];[96,112];[18,31]",130,1756244828015,1756244828079,i,73, never, physical-keyboard,69,0,1
5f600669b846780f0fe45709,text-to-prompt,1,3,5,A small turtle is walking along the riverbank looking at its surroundings for a while before it decided to leave.,"[2,14];[36,45]","[61,73];[96,112];[18,31]",131,1756244828199,1756244828272,n,78, never, physical-keyboard,70,0,1
5f600669b846780f0fe45709,text-to-prompt,1,3,5,A small turtle is walking along the riverbank looking at its surroundings for a while before it decided to leave.,"[2,14];[36,45]","[61,73];[96,112];[18,31]",132,1756244828264,1756244828343,g,71, never, physical-keyboard,71,0,1
5f600669b846780f0fe45709,text-to-prompt,1,3,5,A small turtle is walking along the riverbank looking at its surroundings for a while before it decided to leave.,"[2,14];[36,45]","[61,73];[96,112];[18,31]",133,1756244828328,1756244828391,s,83, never, physical-keyboard,72,0,1
5f600669b846780f0fe45709,text-to-prompt,1,3,5,A small turtle is walking along the riverbank looking at its surroundings for a while before it decided to leave.,"[2,14];[36,45]","[61,73];[96,112];[18,31]",134,1756244832032,1756244832104, ,32, never, physical-keyboard,73,0,1
5f600669b846780f0fe45709,text-to-prompt,1,3,5,A small turtle is walking along the riverbank looking at its surroundings for a while before it decided to leave.,"[2,14];[36,45]","[61,73];[96,112];[18,31]",135,1756244832231,1756244832303,f,70, never, physical-keyboard,74,0,0
5f600669b846780f0fe45709,text-to-prompt,1,3,5,A small turtle is walking along the riverbank looking at its surroundings for a while before it decided to leave.,"[2,14];[36,45]","[61,73];[96,112];[18,31]",136,1756244832359,1756244832447,o,79, never, physical-keyboard,75,0,0
5f600669b846780f0fe45709,text-to-prompt,1,3,5,A small turtle is walking along the riverbank looking at its surroundings for a while before it decided to leave.,"[2,14];[36,45]","[61,73];[96,112];[18,31]",137,1756244832480,1756244832536,r,82, never, physical-keyboard,76,0,0
5f600669b846780f0fe45709,text-to-prompt,1,3,5,A small turtle is walking along the riverbank looking at its surroundings for a while before it decided to leave.,"[2,14];[36,45]","[61,73];[96,112];[18,31]",138,1756244832615,1756244832711, ,32, never, physical-keyboard,77,0,0
5f600669b846780f0fe45709,text-to-prompt,1,3,5,A small turtle is walking along the riverbank looking at its surroundings for a while before it decided to leave.,"[2,14];[36,45]","[61,73];[96,112];[18,31]",139,1756244833192,1756244833256,a,65, never, physical-keyboard,78,0,0
5f600669b846780f0fe45709,text-to-prompt,1,3,5,A small turtle is walking along the riverbank looking at its surroundings for a while before it decided to leave.,"[2,14];[36,45]","[61,73];[96,112];[18,31]",140,1756244833320,1756244833431, ,32, never, physical-keyboard,79,0,0
5f600669b846780f0fe45709,text-to-prompt,1,3,5,A small turtle is walking along the riverbank looking at its surroundings for a while before it decided to leave.,"[2,14];[36,45]","[61,73];[96,112];[18,31]",141,1756244833591,1756244833639,w,87, never, physical-keyboard,80,0,0
5f600669b846780f0fe45709,text-to-prompt,1,3,5,A small turtle is walking along the riverbank looking at its surroundings for a while before it decided to leave.,"[2,14];[36,45]","[61,73];[96,112];[18,31]",142,1756244833735,1756244833799,h,72, never, physical-keyboard,81,0,0
5f600669b846780f0fe45709,text-to-prompt,1,3,5,A small turtle is walking along the riverbank looking at its surroundings for a while before it decided to leave.,"[2,14];[36,45]","[61,73];[96,112];[18,31]",143,1756244833968,1756244834032,i,73, never, physical-keyboard,82,0,0
5f600669b846780f0fe45709,text-to-prompt,1,3,5,A small turtle is walking along the riverbank looking at its surroundings for a while before it decided to leave.,"[2,14];[36,45]","[61,73];[96,112];[18,31]",144,1756244834168,1756244834248,l,76, never, physical-keyboard,83,0,0
5f600669b846780f0fe45709,text-to-prompt,1,3,5,A small turtle is walking along the riverbank looking at its surroundings for a while before it decided to leave.,"[2,14];[36,45]","[61,73];[96,112];[18,31]",145,1756244834256,1756244834304,e,69, never, physical-keyboard,84,0,0
5f600669b846780f0fe45709,text-to-prompt,1,3,5,A small turtle is walking along the riverbank looking at its surroundings for a while before it decided to leave.,"[2,14];[36,45]","[61,73];[96,112];[18,31]",146,1756244834439,1756244834544, ,32, never, physical-keyboard,85,0,0
5f600669b846780f0fe45709,text-to-prompt,1,3,5,A small turtle is walking along the riverbank looking at its surroundings for a while before it decided to leave.,"[2,14];[36,45]","[61,73];[96,112];[18,31]",147,1756244834615,1756244834695,b,66, never, physical-keyboard,86,0,0
5f600669b846780f0fe45709,text-to-prompt,1,3,5,A small turtle is walking along the riverbank looking at its surroundings for a while before it decided to leave.,"[2,14];[36,45]","[61,73];[96,112];[18,31]",148,1756244834719,1756244834791,e,69, never, physical-keyboard,87,0,0
5f600669b846780f0fe45709,text-to-prompt,1,3,5,A small turtle is walking along the riverbank looking at its surroundings for a while before it decided to leave.,"[2,14];[36,45]","[61,73];[96,112];[18,31]",149,1756244834896,1756244834951,f,70, never, physical-keyboard,88,0,0
5f600669b846780f0fe45709,text-to-prompt,1,3,5,A small turtle is walking along the riverbank looking at its surroundings for a while before it decided to leave.,"[2,14];[36,45]","[61,73];[96,112];[18,31]",150,1756244835183,1756244835247,o,79, never, physical-keyboard,89,0,0
5f600669b846780f0fe45709,text-to-prompt,1,3,5,A small turtle is walking along the riverbank looking at its surroundings for a while before it decided to leave.,"[2,14];[36,45]","[61,73];[96,112];[18,31]",151,1756244835303,1756244835384,r,82, never, physical-keyboard,90,0,0
5f600669b846780f0fe45709,text-to-prompt,1,3,5,A small turtle is walking along the riverbank looking at its surroundings for a while before it decided to leave.,"[2,14];[36,45]","[61,73];[96,112];[18,31]",152,1756244835368,1756244835431,e,69, never, physical-keyboard,91,0,0
5f600669b846780f0fe45709,text-to-prompt,1,3,5,A small turtle is walking along the riverbank looking at its surroundings for a while before it decided to leave.,"[2,14];[36,45]","[61,73];[96,112];[18,31]",153,1756244835472,1756244835576, ,32, never, physical-keyboard,92,0,0
5f600669b846780f0fe45709,text-to-prompt,1,3,5,A small turtle is walking along the riverbank looking at its surroundings for a while before it decided to leave.,"[2,14];[36,45]","[61,73];[96,112];[18,31]",154,1756244836503,1756244836584,i,73, never, physical-keyboard,93,0,0
5f600669b846780f0fe45709,text-to-prompt,1,3,5,A small turtle is walking along the riverbank looking at its surroundings for a while before it decided to leave.,"[2,14];[36,45]","[61,73];[96,112];[18,31]",155,1756244836648,1756244836711,t,84, never, physical-keyboard,94,0,0
5f600669b846780f0fe45709,text-to-prompt,1,3,5,A small turtle is walking along the riverbank looking at its surroundings for a while before it decided to leave.,"[2,14];[36,45]","[61,73];[96,112];[18,31]",156,1756244836863,1756244836967, ,32, never, physical-keyboard,95,0,0
5f600669b846780f0fe45709,text-to-prompt,1,3,5,A small turtle is walking along the riverbank looking at its surroundings for a while before it decided to leave.,"[2,14];[36,45]","[61,73];[96,112];[18,31]",157,1756244837472,1756244837615,d,68, never, physical-keyboard,96,0,1
5f600669b846780f0fe45709,text-to-prompt,1,3,5,A small turtle is walking along the riverbank looking at its surroundings for a while before it decided to leave.,"[2,14];[36,45]","[61,73];[96,112];[18,31]",158,1756244837623,1756244837703,e,69, never, physical-keyboard,97,0,1
5f600669b846780f0fe45709,text-to-prompt,1,3,5,A small turtle is walking along the riverbank looking at its surroundings for a while before it decided to leave.,"[2,14];[36,45]","[61,73];[96,112];[18,31]",159,1756244837831,1756244837935,c,67, never, physical-keyboard,98,0,1
5f600669b846780f0fe45709,text-to-prompt,1,3,5,A small turtle is walking along the riverbank looking at its surroundings for a while before it decided to leave.,"[2,14];[36,45]","[61,73];[96,112];[18,31]",160,1756244838000,1756244838072,i,73, never, physical-keyboard,99,0,1
5f600669b846780f0fe45709,text-to-prompt,1,3,5,A small turtle is walking along the riverbank looking at its surroundings for a while before it decided to leave.,"[2,14];[36,45]","[61,73];[96,112];[18,31]",161,1756244838079,1756244838183,d,68, never, physical-keyboard,100,0,1
5f600669b846780f0fe45709,text-to-prompt,1,3,5,A small turtle is walking along the riverbank looking at its surroundings for a while before it decided to leave.,"[2,14];[36,45]","[61,73];[96,112];[18,31]",162,1756244838144,1756244838216,e,69, never, physical-keyboard,101,0,1
5f600669b846780f0fe45709,text-to-prompt,1,3,5,A small turtle is walking along the riverbank looking at its surroundings for a while before it decided to leave.,"[2,14];[36,45]","[61,73];[96,112];[18,31]",163,1756244838304,1756244838351,d,68, never, physical-keyboard,102,0,1
5f600669b846780f0fe45709,text-to-prompt,1,3,5,A small turtle is walking along the riverbank looking at its surroundings for a while before it decided to leave.,"[2,14];[36,45]","[61,73];[96,112];[18,31]",164,1756244838616,1756244838735, ,32, never, physical-keyboard,103,0,1
5f600669b846780f0fe45709,text-to-prompt,1,3,5,A small turtle is walking along the riverbank looking at its surroundings for a while before it decided to leave.,"[2,14];[36,45]","[61,73];[96,112];[18,31]",165,1756244838784,1756244838839,t,84, never, physical-keyboard,104,0,1
5f600669b846780f0fe45709,text-to-prompt,1,3,5,A small turtle is walking along the riverbank looking at its surroundings for a while before it decided to leave.,"[2,14];[36,45]","[61,73];[96,112];[18,31]",166,1756244838911,1756244838984,o,79, never, physical-keyboard,105,0,1
5f600669b846780f0fe45709,text-to-prompt,1,3,5,A small turtle is walking along the riverbank looking at its surroundings for a while before it decided to leave.,"[2,14];[36,45]","[61,73];[96,112];[18,31]",167,1756244839063,1756244839159, ,32, never, physical-keyboard,106,0,1
5f600669b846780f0fe45709,text-to-prompt,1,3,5,A small turtle is walking along the riverbank looking at its surroundings for a while before it decided to leave.,"[2,14];[36,45]","[61,73];[96,112];[18,31]",168,1756244839536,1756244839624,l,76, never, physical-keyboard,107,0,1
5f600669b846780f0fe45709,text-to-prompt,1,3,5,A small turtle is walking along the riverbank looking at its surroundings for a while before it decided to leave.,"[2,14];[36,45]","[61,73];[96,112];[18,31]",169,1756244839687,1756244839823,e,69, never, physical-keyboard,108,0,1
5f600669b846780f0fe45709,text-to-prompt,1,3,5,A small turtle is walking along the riverbank looking at its surroundings for a while before it decided to leave.,"[2,14];[36,45]","[61,73];[96,112];[18,31]",170,1756244839767,1756244839855,a,65, never, physical-keyboard,109,0,1
5f600669b846780f0fe45709,text-to-prompt,1,3,5,A small turtle is walking along the riverbank looking at its surroundings for a while before it decided to leave.,"[2,14];[36,45]","[61,73];[96,112];[18,31]",171,1756244839967,1756244840047,v,86, never, physical-keyboard,110,0,1
5f600669b846780f0fe45709,text-to-prompt,1,3,5,A small turtle is walking along the riverbank looking at its surroundings for a while before it decided to leave.,"[2,14];[36,45]","[61,73];[96,112];[18,31]",172,1756244840032,1756244840103,e,69, never, physical-keyboard,111,0,1
5f600669b846780f0fe45709,text-to-prompt,1,3,5,A small turtle is walking along the riverbank looking at its surroundings for a while before it decided to leave.,"[2,14];[36,45]","[61,73];[96,112];[18,31]",173,1756244841368,1756244841472,.,190, never, physical-keyboard,112,0,1
